{
    "jd_filename": "parsed_jd_3.json",
    "skills_similarity": 29.440000534057617,
    "experience_similarity": 14.119999885559082,
    "education_similarity": 9.369999885559082,
    "technology_similarity": -4.699999809265137
}