{
    "jd_filename": "parsed_jd_1.json",
    "skills_similarity": 25.440000534057617,
    "experience_similarity": 16.719999313354492,
    "education_similarity": 9.369999885559082,
    "technology_similarity": 24.530000686645508
}