{
    "jd_filename": "parsed_jd_2.json",
    "skills_similarity": 51.15999984741211,
    "experience_similarity": 14.119999885559082,
    "education_similarity": 9.369999885559082,
    "technology_similarity": 42.0099983215332
}